material,short_text,unique_suppliers
62000220.0,Disposable Latex Gloves (PF) M,3
62000221.0,Disposable Latex Gloves PF Size L 100' S,3
62000237.0,Shoe Cover - Plastic,3
62000239.0,Disposable Lab Coat - XL,3
66000003.0,"Brother Laminated Tape 12mm - 0.47""",4
66000005.0,Toner HP 207A - Yellow,5
66000006.0,Toner HP 207A - Cyan,5
66000007.0,Toner HP 207A - Magenta,5
66000008.0,Toner HP 207A - Black,6
66000010.0,Toner HP 201A - Cyan,3
66000012.0,Toner HP 201A - Black,3
66000014.0,Toner HP 26A - Black,5
66000031.0,Wireless Keyboard and Mouse MK270,3
71000049.0,Calibration,3
